{
  "prompt_v1_scores": {
    "faithfulness": 0.8647380952380951,
    "answer_relevancy": NaN,
    "context_recall": 1.0,
    "context_precision": 0.9766666665836666
  },
  "prompt_v2_scores": {
    "faithfulness": 0.8659127633632278,
    "answer_relevancy": 0.9439792031057169,
    "context_recall": 1.0,
    "context_precision": 0.9766666665826668
  },
  "target_met": true
}